<project xmlns="http://maven.apache.org/POM/4.0.0"
         xmlns:xsi="http://www.w3.org/2001/XMLSchema-instance"
         xsi:schemaLocation="http://maven.apache.org/POM/4.0.0 http://maven.apache.org/xsd/maven-4.0.0.xsd">
  <modelVersion>4.0.0</modelVersion>

  <groupId>com.google.apis-samples</groupId>
  <artifactId>pubsub-pull-sample</artifactId>
  <version>1.0</version>
  <packaging>jar</packaging>

  <name>pubsub-pull-sample</name>
  <url>https://developers.google.com/cloud/eap/pubsub/</url>
  <inceptionYear>2014</inceptionYear>

  <licenses>
    <license>
      <name>Apache 2</name>
      <url>http://www.apache.org/licenses/LICENSE-2.0.txt</url>
      <distribution>repo</distribution>
      <comments>A business-friendly OSS license</comments>
    </license>
  </licenses>

  <organization>
    <name>Google</name>
    <url>http://www.google.com</url>
  </organization>

  <developers>
    <developer>
      <id>tmatsuo@google.com</id>
      <name>Takashi Matsuo</name>
      <email>tmatsuo@google.com</email>
      <url>http://www.google.com</url>
      <organization>Google</organization>
      <organizationUrl>http://www.google.com</organizationUrl>
      <roles>
        <role>developer</role>
      </roles>
      <timezone>-17</timezone>
    </developer>
  </developers>

  <properties>
    <google-api-client.version>1.21.0</google-api-client.version>
    <google-api-pubsub.version>v1-rev8-1.21.0</google-api-pubsub.version>
    <project.build.sourceEncoding>UTF-8</project.build.sourceEncoding>
     
  </properties>

  <dependencies>
  <!-- https://mvnrepository.com/artifact/com.google.guava/guava -->
<dependency>
    <groupId>com.google.guava</groupId>
    <artifactId>guava</artifactId>
    <version>r05</version>
</dependency>
<!-- Below dependency is for pub/sub -->
<dependency>
  <groupId>com.google.cloud</groupId>
  <artifactId>google-cloud-pubsub</artifactId>
  <version>0.20.1-beta</version>
</dependency>
<dependency>
  <groupId>com.google.guava</groupId>
  <artifactId>guava</artifactId>
  <version>22.0</version>
</dependency>
<dependency>
  <groupId>com.google.cloud</groupId>
  <artifactId>google-cloud-logging</artifactId>
  <version>1.2.1</version>
</dependency>
<dependency>
  <groupId>com.google.auth</groupId>
  <artifactId>google-auth-library-oauth2-http</artifactId>
  <version>0.7.1</version>
</dependency>
<dependency>
  <groupId>com.google.oauth-client</groupId>
  <artifactId>google-oauth-client</artifactId>
  <version>1.22.0</version>
</dependency>
<dependency>
      <groupId>commons-cli</groupId>
      <artifactId>commons-cli</artifactId>
      <version>1.3.1</version>
    </dependency>
    <dependency>
      <groupId>com.google.apis</groupId>
      <artifactId>google-api-services-pubsub</artifactId>
      <version>${google-api-pubsub.version}</version>
    </dependency>
<!-- end pub sub dependency-->	
  
    <dependency>
      <groupId>commons-cli</groupId>
      <artifactId>commons-cli</artifactId>
      <version>1.3.1</version>
    </dependency>
    <dependency>
      <groupId>com.google.apis</groupId>
      <artifactId>google-api-services-pubsub</artifactId>
      <version>${google-api-pubsub.version}</version>
    </dependency>

    <dependency>
      <groupId>junit</groupId>
      <artifactId>junit</artifactId>
      <version>4.12</version>
      <scope>test</scope>
    </dependency>
    <dependency>
      <groupId>org.mockito</groupId>
      <artifactId>mockito-all</artifactId>
      <version>1.10.19</version>
      <scope>test</scope>
    </dependency>
  </dependencies>
  <reporting>
    <plugins>
      <plugin>
        <groupId>org.apache.maven.plugins</groupId>
        <artifactId>maven-checkstyle-plugin</artifactId>
        <version>2.17</version>
        <configuration>
          <configLocation>checkstyle.xml</configLocation>
          <encoding>UTF-8</encoding>
          <consoleOutput>true</consoleOutput>
          <failsOnError>true</failsOnError>
          <linkXRef>false</linkXRef>
        </configuration>
        <reportSets>
          <reportSet>
            <reports>
              <report>checkstyle</report>
            </reports>
          </reportSet>
        </reportSets>
      </plugin>
    </plugins>
  </reporting>
  <build>
    <plugins>
      <plugin>
        <groupId>org.codehaus.mojo</groupId>
        <artifactId>versions-maven-plugin</artifactId>
        <version>2.1</version>
        <executions>
          <execution>
            <phase>compile</phase>
            <goals>
              <goal>display-dependency-updates</goal>
            </goals>
          </execution>
        </executions>
      </plugin>
      <plugin>
        <groupId>org.apache.maven.plugins</groupId>
        <artifactId>maven-checkstyle-plugin</artifactId>
        <version>2.15</version>
        <executions>
          <execution>
            <id>checkstyle</id>
            <phase>validate</phase>
            <configuration>
              <configLocation>checkstyle.xml</configLocation>
              <encoding>UTF-8</encoding>
              <consoleOutput>true</consoleOutput>
              <failsOnError>true</failsOnError>
              <failOnViolation>true</failOnViolation>
            </configuration>
            <goals>
              <goal>check</goal>
            </goals>
          </execution>
        </executions>
      </plugin>
      <plugin>
        <artifactId>maven-compiler-plugin</artifactId>
        <version>3.1</version>
        <configuration>
          <source>1.7</source>
          <target>1.7</target>
        </configuration>
      </plugin>
      <plugin>
        <artifactId>maven-assembly-plugin</artifactId>
        <configuration>
          <descriptorRefs>
            <descriptorRef>jar-with-dependencies</descriptorRef>
          </descriptorRefs>
        </configuration>
        <executions>
          <execution>
            <id>simple-command</id>
            <phase>package</phase>
            <goals>
              <goal>attached</goal>
            </goals>
          </execution>
        </executions>
      </plugin>
    </plugins>
    <pluginManagement>
      <plugins>
        <!-- This plugin's configuration is used to store Eclipse m2e settings only.
             It has no influence on the Maven build itself. -->
        <plugin>
          <groupId>org.eclipse.m2e</groupId>
          <artifactId>lifecycle-mapping</artifactId>
          <version>1.0.0</version>
          <configuration>
            <lifecycleMappingMetadata>
              <pluginExecutions>
                <pluginExecution>
                  <pluginExecutionFilter>
                    <groupId>org.apache.maven.plugins</groupId>
                    <artifactId>maven-war-plugin</artifactId>
                    <versionRange>[2.1.1,)</versionRange>
                    <goals>
                      <goal>exploded</goal>
                    </goals>
                  </pluginExecutionFilter>
                  <action>
                    <ignore/>
                  </action>
                </pluginExecution>
                <pluginExecution>
                  <pluginExecutionFilter>
                    <groupId>org.codehaus.mojo</groupId>
                    <artifactId>versions-maven-plugin</artifactId>
                    <versionRange>[2.1,)</versionRange>
                    <goals>
                      <goal>display-dependency-updates</goal>
                      <goal>display-plugin-updates</goal>
                    </goals>
                  </pluginExecutionFilter>
                  <action>
                    <ignore/>
                  </action>
                </pluginExecution>
              </pluginExecutions>
            </lifecycleMappingMetadata>
          </configuration>
        </plugin>
      </plugins>
    </pluginManagement>
  </build>
</project>
