<project xmlns="http://maven.apache.org/POM/4.0.0" xmlns:xsi="http://www.w3.org/2001/XMLSchema-instance"
	xsi:schemaLocation="http://maven.apache.org/POM/4.0.0 http://maven.apache.org/xsd/maven-4.0.0.xsd">
	<modelVersion>4.0.0</modelVersion>
	<groupId>rest-pubsub</groupId>
	<artifactId>cr-rest-pubsub</artifactId>
	<version>0.0.1-SNAPSHOT</version>

	<parent>
		<groupId>org.springframework.boot</groupId>
		<artifactId>spring-boot-starter-parent</artifactId>
		<version>1.5.5.RELEASE</version>
	</parent>




	<properties>
		<project.build.sourceEncoding>UTF-8</project.build.sourceEncoding>
		<java.version>1.8</java.version>
		<log4j.version>1.2.17</log4j.version>
		<google-api-client.version>1.21.0</google-api-client.version>
		<google-api-pubsub.version>v1-rev8-1.21.0</google-api-pubsub.version>

	</properties>

	<dependencies>
		<dependency>
			<groupId>org.springframework.boot</groupId>
			<artifactId>spring-boot-starter-web</artifactId>
		</dependency>
		<dependency>
			<groupId>org.springframework.boot</groupId>
			<artifactId>spring-boot-starter-test</artifactId>
			<scope>test</scope>
		</dependency>
		<dependency>
			<groupId>com.jayway.jsonpath</groupId>
			<artifactId>json-path</artifactId>
			<scope>test</scope>
		</dependency>
		<dependency>
			<groupId>log4j</groupId>
			<artifactId>log4j</artifactId>
			<version>${log4j.version}</version>

		</dependency>

	
				<!-- Below dependency is for pub/sub -->
		<dependency>
			<groupId>com.google.cloud</groupId>
			<artifactId>google-cloud-pubsub</artifactId>
			<version>0.20.1-beta</version>
		</dependency>
		<dependency>
			<groupId>com.google.guava</groupId>
			<artifactId>guava</artifactId>
			<version>22.0</version>
		</dependency>
		<dependency>
			<groupId>com.google.cloud</groupId>
			<artifactId>google-cloud-logging</artifactId>
			<version>1.2.1</version>
		</dependency>
		<dependency>
			<groupId>com.google.auth</groupId>
			<artifactId>google-auth-library-oauth2-http</artifactId>
			<version>0.7.1</version>
		</dependency>
		<dependency>
			<groupId>com.google.oauth-client</groupId>
			<artifactId>google-oauth-client</artifactId>
			<version>1.22.0</version>
		</dependency>
		<dependency>
			<groupId>commons-cli</groupId>
			<artifactId>commons-cli</artifactId>
			<version>1.3.1</version>
		</dependency>
		<dependency>
			<groupId>com.google.apis</groupId>
			<artifactId>google-api-services-pubsub</artifactId>
			<version>${google-api-pubsub.version}</version>
		</dependency>
		<!-- end pub sub dependency -->

	
		
		<dependency>
			<groupId>junit</groupId>
			<artifactId>junit</artifactId>
			<version>4.12</version>
			<scope>test</scope>
		</dependency>
		<dependency>
			<groupId>org.mockito</groupId>
			<artifactId>mockito-all</artifactId>
			<version>1.10.19</version>
			<scope>test</scope>
		</dependency>
	</dependencies>
	<build>
		<plugins>
			<plugin>
				<groupId>org.springframework.boot</groupId>
				<artifactId>spring-boot-maven-plugin</artifactId>
			</plugin>
			<plugin>
				<groupId>com.google.cloud.tools</groupId>
				<artifactId>appengine-maven-plugin</artifactId>
				<version>1.3.1</version>
			</plugin>
			<plugin>
				<groupId>org.eclipse.jetty</groupId>
				<artifactId>jetty-maven-plugin</artifactId>
				<version>9.3.7.v20160115</version>
			</plugin>

		</plugins>
	</build>

	<repositories>
		<repository>
			<id>spring-releases</id>
			<url>https://repo.spring.io/libs-release</url>
		</repository>
	</repositories>
	<pluginRepositories>
		<pluginRepository>
			<id>spring-releases</id>
			<url>https://repo.spring.io/libs-release</url>
		</pluginRepository>
	</pluginRepositories>

</project>
