<beans:beans xmlns="http://www.springframework.org/schema/batch"
	xmlns:beans="http://www.springframework.org/schema/beans" xmlns:xsi="http://www.w3.org/2001/XMLSchema-instance"
	xsi:schemaLocation="
           http://www.springframework.org/schema/beans
           http://www.springframework.org/schema/beans/spring-beans.xsd
           http://www.springframework.org/schema/batch
           http://www.springframework.org/schema/batch/spring-batch-3.0.xsd">

	<job id="jobA">
		<step id="step1">
			<tasklet>
				<chunk reader="itemReader" processor="itemProcessor" writer="itemWriter" commit-interval="1" />
			</tasklet>
		</step>
	</job>
	
	<job id="job2B">
		<step id="step2">
			<tasklet>
				<chunk reader="itemReader" processor="itemProcessor" writer="itemWriter" commit-interval="1" />
			</tasklet>
		</step>
	</job>

	           
	<beans:bean id="itemReader" class="com.hsbc.step.Reader"/>
	<beans:bean id="itemProcessor" class="com.hsbc.step.Processor"/>
	<beans:bean id="itemWriter" class="com.hsbc.step.Writer"/>

</beans:beans>