<beans:beans xmlns="http://www.springframework.org/schema/batch"
	xmlns:beans="http://www.springframework.org/schema/beans" xmlns:xsi="http://www.w3.org/2001/XMLSchema-instance"
	xsi:schemaLocation="
           http://www.springframework.org/schema/beans
           http://www.springframework.org/schema/beans/spring-beans.xsd
           http://www.springframework.org/schema/batch
           http://www.springframework.org/schema/batch/spring-batch-3.0.xsd">

	<beans:bean id="taskExecutor" class="org.springframework.core.task.SimpleAsyncTaskExecutor"  />
    
    <job id="parallelFlowsJob" >
        <split id="parallelProcessing"  task-executor="taskExecutor">
            <flow>
               <step id="step1" >
					<tasklet ref="taskletStep_1" />
				</step>
            </flow>
            <flow>
                  <step id="step2" >
					<tasklet ref="taskletStep_2" />
				</step>
            </flow>
            <flow>
                  <step id="step3" >
					<tasklet ref="taskletStep_3" />
				</step>
            </flow>
        </split>        
    </job>
    
    <beans:bean id="taskletStep_1" class="com.hsbc.tasklet.Tasklet1" />
	<beans:bean id="taskletStep_2" class="com.hsbc.tasklet.Tasklet2" />
	<beans:bean id="taskletStep_3" class="com.hsbc.tasklet.Tasklet3" />
    
   

</beans:beans>