<?xml version="1.0" encoding="UTF-8"?>
<beans xmlns="http://www.springframework.org/schema/beans"
	xmlns:p="http://www.springframework.org/schema/p"
	xmlns:xsi="http://www.w3.org/2001/XMLSchema-instance"
	xsi:schemaLocation="http://www.springframework.org/schema/beans http://www.springframework.org/schema/beans/spring-beans-2.5.xsd
		http://www.springframework.org/schema/batch http://www.springframework.org/schema/batch/spring-batch-2.0.xsd"
	default-lazy-init="true">

	<!-- base config for every crcore job -->
	<import resource="classpath:crcore/job/crcore-job-base-config.xml"/>
	
	<!-- Import other spring xml -->
	<import resource="classpath:crcore/job/crcore-job-007-tasklet.xml"/>
	<import resource="classpath:crcore/calibration/crcore-dualcalibration.xml"/>
	
	<job id="crcoreDealMappingChunkJob" xmlns="http://www.springframework.org/schema/batch" parent="simpleJob">
		<split id="dealMappingSplit" task-executor="taskExecutor">
			<flow>
				<step id="dealMappingChunk" parent="taskletStep">
					<tasklet ref="dealMappingChunkTasklet"/>
				</step>
			</flow>
			<flow>
				<step id="driftDataStep" parent="taskletStep">
					<tasklet ref="driftDataTasklet"/>			
				</step>
			</flow>
			<next on="COMPLETED" to="counterpartyExportStep" />
			<fail on="FAILED"/>
		</split>
		<step id="counterpartyExportStep" parent="taskletStep">
			<tasklet ref="counterpartyExportTasklet"/>
			<next on="COMPLETED" to="cptyDeltaStep" />
			<fail on="FAILED"/>
		</step>
		<step id="cptyDeltaStep" parent="taskletStep">
			<tasklet ref="cptyDeltaTasklet"/>
			<next on="COMPLETED" to="derivedCurvesStep" />
			<fail on="FAILED"/>
		</step>
		<step id="derivedCurvesStep" parent="taskletStep">
			<tasklet ref="derivedCurvesTasklet"/>
			<next on="COMPLETED" to="probabilityOfDefaultMappingStep" />
			<fail on="FAILED"/>
		</step>		
		<step id="probabilityOfDefaultMappingStep" parent="taskletStep">
			<tasklet ref="probabilityOfDefaultMappingTasklet"/>
			<next on="COMPLETED" to="modelParametersStep" />
			<fail on="FAILED"/>
		</step>
		<step id="modelParametersStep" parent="taskletStep">
			<tasklet ref="modelParametersTasklet" />
			<next on="COMPLETED" to="dualCalibrationDecision_step" />
			<fail on="FAILED" />
		</step>
		<decision id="dualCalibrationDecision_step" decider="dualCalibrationDecider">
			<next on="ENABLE" to="alternativeModelParametersStep" />
			<next on="DISABLE" to="crcoreDealMappingChunkJob.resultRollupSplit" />
		</decision>
		<step id="alternativeModelParametersStep" parent="taskletStep">
			<tasklet ref="alternativeModelParametersTasklet" />
			<next on="COMPLETED" to="crcoreDealMappingChunkJob.resultRollupSplit" />
			<fail on="FAILED" />
		</step>			
		<split id="crcoreDealMappingChunkJob.resultRollupSplit" task-executor="taskExecutor">
			<flow>
				<step id="marketDataChunkResultRollup" parent="taskletStep">
					<tasklet ref="marketDataResultRollupTasklet"/>
				</step>
			</flow>
			<flow>
				<step id="regIMCSAResultRollup" parent="taskletStep">
					<tasklet ref="regIMCSARollupTasklet"/>
					<next on="COMPLETED" to="dealMappingChunkResultRollup" />
					<fail on="FAILED" />
				</step>
				<step id="dealMappingChunkResultRollup" parent="taskletStep">
					<tasklet ref="dealMappingResultRollupTasklet"/>
				</step>
			</flow>
			<next on="COMPLETED" to="dealMappingCheckpoint" />
			<fail on="FAILED"/>
		</split>
		<step id="dealMappingCheckpoint" parent="taskletStep">
			<tasklet ref="dealMappingCheckpointTasklet"/>
		</step>
		<listeners merge="true">
			<listener ref="gridJobExecutionListener"/>
		</listeners>
	</job>
</beans>
