<?xml version="1.0" encoding="UTF-8"?>
<beans xmlns="http://www.springframework.org/schema/beans"
	xmlns:p="http://www.springframework.org/schema/p"
	xmlns:xsi="http://www.w3.org/2001/XMLSchema-instance"
	xsi:schemaLocation="http://www.springframework.org/schema/beans http://www.springframework.org/schema/beans/spring-beans-2.5.xsd
		http://www.springframework.org/schema/batch http://www.springframework.org/schema/batch/spring-batch-2.0.xsd"
	default-lazy-init="true">

	<!-- base config for every crcore job -->
	<import resource="classpath:crcore/job/crcore-job-base-config.xml"/>
	
	<!-- Import other spring xml -->
	<import resource="classpath:crcore/job/crcore-job-008-tasklet.xml"/>
	<import resource="classpath:crcore/crcore-spring-batch-config.xml"/>
	<import resource="classpath:mapper/modelparammap/innercalibration-factory.xml"/>

	<job id="pfePricing" parent="simpleJob" xmlns="http://www.springframework.org/schema/batch">
		<decision id="cubeStreamingDecision" decider="cubeDecider">
			<next on="ENABLE" to="housekeep_Step" />
			<next on="DISABLE" to="nodelocalpathStartCleanup_step" />
		</decision>
		
		<split id="housekeep_Step" task-executor="taskExecutor" next="nodelocalpathStartCleanup_step">
		<!-- <split id="housekeep_Step" task-executor="taskExecutor"> -->
			<flow>
				<step id="agentFilesCleanup_step" parent="taskletStep">
					<tasklet ref="agentFilesCleanupTasklet_Normal_Trade"/>
				</step>
			</flow>
			<flow>
				<step id="cubeFilesCleanup_step" parent="taskletStep">
					<tasklet ref="cubeFilesCleanupTasklet_Normal_Trade"/>
				</step>
			</flow>
		</split>
		<listeners merge="true">
			<listener ref="gridJobExecutionListener"/>
		</listeners>
		<step id="nodelocalpathStartCleanup_step" parent="taskletStep">
			<tasklet ref="nodeLocalPathCleanupTasklet"/>
			<next on="COMPLETED" to="nodelocalpathCreation_step" />
			<fail on="FAILED"/>
		</step>
		<step id="nodelocalpathCreation_step" parent="taskletStep">
			<tasklet ref="nodeLocalPathCreationTasklet"/>
			<next on="COMPLETED" to="pricingPFE_step" />
			<fail on="FAILED"/>
		</step>
		<step id="pricingPFE_step" parent="taskletStep">
			<tasklet ref="pricingPFETasklet"/>
			<next on="COMPLETED" to="nodelocalpathEndCleanup_step" />
			<fail on="FAILED"/>
		</step>
		<step id="nodelocalpathEndCleanup_step" parent="taskletStep">
			<tasklet ref="nodeLocalPathCleanupTasklet"/>
		</step>
	</job>
	
	<job id="quicPricing" parent="simpleJob" xmlns="http://www.springframework.org/schema/batch">
		<split id="housekeep" task-executor="taskExecutor" next="nodelocalpathStartCleanup">
			<flow>
				<step id="agentFilesCleanup" parent="taskletStep">
					<tasklet ref="agentFilesCleanupTasklet_Normal_Trade"/>
				</step>
			</flow>
			<flow>
				<step id="cubeFilesCleanup" parent="taskletStep">
					<tasklet ref="cubeFilesCleanupTasklet_Normal_Trade"/>
				</step>
			</flow>
		</split>
		<listeners merge="true">
			<listener ref="gridJobExecutionListener"/>
		</listeners>
		<step id="nodelocalpathStartCleanup" parent="taskletStep">
			<tasklet ref="nodeLocalPathCleanupTasklet"/>
			<next on="COMPLETED" to="nodelocalpathCreation" />
			<fail on="FAILED"/>
		</step>
		<step id="nodelocalpathCreation" parent="taskletStep">
			<tasklet ref="nodeLocalPathCreationTasklet"/>
			<next on="COMPLETED" to="quicPreprocessFilesDecision" />
			<fail on="FAILED"/>
		</step>
		<decision id="quicPreprocessFilesDecision" decider="quicPreprocessFilesDecider"> 
			<next on="ENABLE" to="preprocessFiles"/>
			<next on="DISABLE" to="pricingPFE"/>
		</decision>
		<step id="preprocessFiles" parent="taskletStep">
			<tasklet ref="preprocessFilesTasklet"/>
			<next on="COMPLETED" to="pricingPFE" />
			<fail on="FAILED"/>
		</step> 
		<step id="pricingPFE" parent="taskletStep">
			<tasklet ref="pricingPFETasklet"/>
			<next on="COMPLETED" to="nodelocalpathEndCleanup" />
			<fail on="FAILED"/>
		</step>
		<step id="nodelocalpathEndCleanup" parent="taskletStep">
			<tasklet ref="nodeLocalPathCleanupTasklet"/>
		</step>
		
	</job>

</beans>
