<?xml version="1.0" encoding="UTF-8"?>
<beans xmlns="http://www.springframework.org/schema/beans"
	xmlns:p="http://www.springframework.org/schema/p"
	xmlns:xsi="http://www.w3.org/2001/XMLSchema-instance"
	xsi:schemaLocation="http://www.springframework.org/schema/beans http://www.springframework.org/schema/beans/spring-beans-2.5.xsd
		http://www.springframework.org/schema/batch http://www.springframework.org/schema/batch/spring-batch-2.0.xsd"
	default-lazy-init="true">
	
	<import resource="classpath:batch/chunk/batchchunk-service.xml"/>
	<import resource="classpath:mapper/util/mapper-util.xml"/>
	<import resource="classpath:crcore/quic_var.xml" />
	<import resource="classpath:crcore/dealmap/crcore-dealmap-dao.xml"/>	
	<import resource="classpath:mapper/dealmap/mapper-dealmap-dao.xml"/>
	<import resource="classpath:datasetmanager/datasetmanager-dao.xml"/>
	<bean id="hibernateMappings" class="com.hsbc.gbm.grt.raven.config.MergedListFactoryBean">
		<property name="sourceLists">
			<list>
				<ref bean="baseHibernateMappings"/>
				<ref bean="batchChunkHbm"/>
				<ref bean="datasetManagerHbm"/>
			</list>
		</property>
	</bean>
	
	<bean id="dealMappingChunkTasklet" class="com.hsbc.gbm.grt.raven.crcore.dealmap.tasklet.DealMappingChunkTasklet" parent="abstractCrcoreGridTasklet">
		<property name="batchChunkService" ref="batchChunkService"/>
		<property name="appConfig" ref="appConfig"/>
		<property name="parCreditSpreadCurveConvertor" ref="parCreditSpreadCurveConvertor"/> <!-- r: marketdatamap-factory -->
		<property name="equityDividendScheduleConvertor" ref="equityDividendScheduleConvertor"/>
		<property name="equityDividendYieldConvertor" ref="equityDividendYieldConvertor"/>
		<property name="equityImpliedVolMtxConvertor" ref="equityImpliedVolMtxConvertor"/>
	</bean>
	<bean id="counterpartyExportTasklet" class="com.hsbc.gbm.grt.raven.crcore.mapping.tasklet.DataMappingTasklet" parent="abstractCrcoreGridTasklet">
		<property name="dataType">
			<value>Counterparty</value>
		</property>
	</bean>
	<bean id="cptyDeltaTasklet" class="com.hsbc.gbm.grt.raven.crcore.counterparty.tasklet.CounterpartyDeltaMappingTasklet" parent="abstractCrcoreGridTasklet"/>
	
	
	<!-- mpor lag adjustment -->	
	<bean id="driftDataTasklet" class="com.hsbc.gbm.grt.raven.crcore.mapping.tasklet.DataMappingTasklet" parent="abstractCrcoreGridTasklet">
		<property name="dataType">
			<value>DriftData</value>
		</property>
	</bean>
	
	
	<!-- crcore derived curves mapping tasklet , included in BUC code -->
	<bean id="derivedCurvesTasklet" class="com.hsbc.gbm.grt.raven.crcore.dealmap.tasklet.DerivedCurvesMappingTasklet" parent="abstractCrcoreGridTasklet"/>
	<bean id="probabilityOfDefaultMappingTasklet" class="com.hsbc.gbm.grt.raven.crcore.counterparty.tasklet.ProbabilityOfDefaultMappingTasklet" parent="abstractCrcoreGridTasklet"/>
	<bean id="modelParametersTasklet" class="com.hsbc.gbm.grt.raven.crcore.mapping.tasklet.DataMappingTasklet" parent="abstractCrcoreGridTasklet">
		<property name="dataType">
			<value>ModelParameters</value>
		</property>
	</bean>
			
	<bean id="alternativeModelParametersTasklet" class="com.hsbc.gbm.grt.raven.crcore.mapping.tasklet.DataMappingTasklet" parent="abstractCrcoreGridTasklet">
		<property name="dataType">
			<value>ModelParameters_Alternative</value>
		</property>
	</bean>
	<bean id="marketDataResultRollupTasklet" class="com.hsbc.gbm.grt.raven.crcore.mapping.tasklet.MarketDataResultRollupTasklet">
		<property name="appConfig" ref="appConfig"/>
		<property name="marketDataRollupUtil" ref="marketDataRollupUtil"/> <!-- r: mapper-util -->
		<property name="marketDataProcessingPath" ref="marketDataProcessingPath" />
		<property name="quicInputPath" ref="quicInputPath" />
	</bean>
	<bean id="dealMappingResultRollupTasklet" class="com.hsbc.gbm.grt.raven.crcore.dealmap.tasklet.ResultRollupTasklet">
		<property name="appConfig" ref="appConfig"/>
		<property name="quicInputPath" ref="quicInputPath" />
		<property name="tradeProcessFolderPath" ref="tradeProcessFolderPath" />
	</bean>
	<bean id="regIMCSARollupTasklet" class="com.hsbc.gbm.grt.raven.crcore.dealmap.tasklet.RegIMCSAResultRollupTasklet">
		<property name="appConfig" ref="appConfig"/>
		<property name="quicInputPath" ref="quicInputPath" />
		<property name="tradeProcessFolderPath" ref="tradeProcessFolderPath" />
		<property name="regIMCSATradeDao" ref="regIMCSATradeDao" />
		<property name="sourceToTargetMappingDAO" ref="sourceToTargetMappingDAO"/>
		<property name="instrumentLegalDocMap" ref="instrumentLegalDocMap"/>
		<property name="feedRunDao" ref="feedRunDao"/>
	</bean>	
	<bean id="dealMappingCheckpointTasklet" class="com.hsbc.gbm.grt.raven.batch.checkpoint.tasklet.CheckpointTasklet">
		<property name="services">
			<list>
				<bean id="dm998Count" class="com.hsbc.gbm.grt.raven.batch.checkpoint.service.impl.CountingSQLCheckpointServiceImpl">
					<constructor-arg index="0" ref="ravenDataSource"/>
					<constructor-arg index="1" ref="appConfig"/>
				</bean>
			</list>
		</property>
	</bean>
	
	<bean id="equityInternalSimModelTasklet" class="com.hsbc.gbm.grt.raven.crcore.mapping.tasklet.DataMappingTasklet" parent="abstractCrcoreGridTasklet" 
		p:dataType="EquityInternalSimModel" />
	
</beans>
