<?xml version="1.0" encoding="UTF-8"?>
<beans xmlns="http://www.springframework.org/schema/beans"
	xmlns:util="http://www.springframework.org/schema/util"
	xmlns:p="http://www.springframework.org/schema/p" 
	xmlns:xsi="http://www.w3.org/2001/XMLSchema-instance"
	xsi:schemaLocation="http://www.springframework.org/schema/beans http://www.springframework.org/schema/beans/spring-beans-2.5.xsd
		http://www.springframework.org/schema/batch http://www.springframework.org/schema/batch/spring-batch-2.0.xsd
		http://www.springframework.org/schema/util http://www.springframework.org/schema/util/spring-util-2.5.xsd"
	default-lazy-init="true">
	
	<import resource="classpath:crcore/job/crcore-job-quic-pricingPreparation.xml"/>
	<import resource="classpath:quic/quic-nodeLocalPath.xml"/>
	<import resource="classpath:crcore/housekeep/agent/agent-dispatch.xml"/>
	<import resource="classpath:crcore/housekeep/cube/cube-housekeep.xml"/>	
	<import resource="classpath:crcore/job/crcore-job-quic-breakdown.xml"/>
	<import resource="classpath:crcore/calibration/crcore-dualcalibration.xml"/>

	<bean id="hibernateMappings" class="com.hsbc.gbm.grt.raven.config.MergedListFactoryBean">
		<property name="sourceLists">
			<list>
				<ref bean="baseHibernateMappings"/>
			</list>
		</property>
	</bean>
	
	<bean id="pricingPFETasklet" parent="qdwsTasklet"
		p:qdwsCall-ref="pricingPFEQDWSCall"/>
	<bean id="pricingPFEQDWSCall" class="com.hsbc.gbm.grt.raven.crcore.pricing.impl.PricingPFE" parent="abstractQDWSCall"
	    p:moduleName="quic_portfolio_calculation_qne"
	    p:jobIdPricing="#{T(com.hsbc.gbm.grt.raven.crcore.pricing.constant.PricingConstant).QDWS_JOB_ID_PRICING_PFE}"
	    p:quICRequestUtilCarrier-ref="quICRequestUtilCarrierPFE"
		p:quICRequestParameterMapGenerator-ref="quICRequestParameterMapPFEGenerator" 
		p:quicReqParaMapFilePath-ref="nasQuicInputPath"/>
	 
	<bean id="quICRequestUtilCarrierPFE" parent="quICRequestUtilCarrier"
		p:quICSchemeFileMapGenerator-ref="pricingPFEQuICSchemeFileMapGenerator"
		p:modelParamsInfoService-ref="modelParamsInfoService"
		p:checkIsDualCalibrationEnable="true"
		p:streamingEnable="#{T(com.hsbc.gbm.grt.raven.crcore.pricing.constant.PricingConstant).QUIC_STREAMING_ENABLE}"/>
	<bean id="quICRequestParameterMapEntryPFEGenerator" class="com.hsbc.gbm.grt.raven.crcore.pricing.impl.QuICRequestParameterMapEntryGenerator">
	      <property name="quICRequestUtilCarrier" ref="quICRequestUtilCarrierPFE"/>
	</bean>
	<bean id="quICRequestParameterMapPFEGenerator" class="com.hsbc.gbm.grt.raven.crcore.pricing.impl.QuICRequestParameterMapGenerator" >
		<property name="taskFlag" value="PFE"/>
		<property name="methodology" value="Methodology=PFE"/>
		<property name="quICRequestUtilCarrier" ref="quICRequestUtilCarrierPFE"/>
		<property name="quICRequestParameterMapEntryGeneratorList">
		    <list>
		        <ref bean="breakdownDataMapEntryPFEGenerator" />
				<ref bean="dealLevelMtMMapEntryPFEGenerator" />
				<ref bean="nodeLocalPathMapEntryPFEGenerator" />
				<ref bean="portfolioSourceMapEntryPFEGenerator" />
				<ref bean="counterpartyHierarchyInfoMapEntryPFEGenerator" />
				<ref bean="legalDocumentInfoMapEntryPFEGenerator" />
				<ref bean="hierarchyPluginsMapEntryPFEGenerator" />
				<ref bean="structureNodePluginsMapEntryPFEGenerator" />
				<ref bean="aggregationSchemesMapEntryPFEGenerator" />
				<ref bean="quicDataFromConfigMapEntryPFEGenerator" />
			</list>
		</property>
	</bean>
	<bean id="breakdownDataMapEntryPFEGenerator"	 class="com.hsbc.gbm.grt.raven.crcore.pricing.entry.impl.BreakdownDataMapEntryGenerator" parent="quICRequestParameterMapEntryPFEGenerator"/>
	<bean id="dealLevelMtMMapEntryPFEGenerator"	 class="com.hsbc.gbm.grt.raven.crcore.pricing.entry.impl.DealLevelMtMMapEntryGenerator" parent="quICRequestParameterMapEntryPFEGenerator"/>
	<bean id="nodeLocalPathMapEntryPFEGenerator"	 class="com.hsbc.gbm.grt.raven.crcore.pricing.entry.impl.NodeLocalPathMapEntryGenerator" parent="quICRequestParameterMapEntryPFEGenerator"/>
	<bean id="portfolioSourceMapEntryPFEGenerator"	 class="com.hsbc.gbm.grt.raven.crcore.pricing.entry.impl.PortfolioSourceMapEntryGenerator" parent="quICRequestParameterMapEntryPFEGenerator"/>
	<bean id="counterpartyHierarchyInfoMapEntryPFEGenerator" class="com.hsbc.gbm.grt.raven.crcore.pricing.entry.impl.CounterpartyHierarchyInfoMapEntryGenerator" parent="quICRequestParameterMapEntryPFEGenerator"/>
	<bean id="legalDocumentInfoMapEntryPFEGenerator" class="com.hsbc.gbm.grt.raven.crcore.pricing.entry.impl.LegalDocumentInfoMapEntryGenerator" parent="quICRequestParameterMapEntryPFEGenerator"/>
	<bean id="hierarchyPluginsMapEntryPFEGenerator" class="com.hsbc.gbm.grt.raven.crcore.pricing.entry.impl.HierarchyPluginsMapEntryPFEGenerator" parent="quICRequestParameterMapEntryPFEGenerator"/>
	<bean id="structureNodePluginsMapEntryPFEGenerator" class="com.hsbc.gbm.grt.raven.crcore.pricing.entry.impl.StructureNodePluginsMapEntryPFEGenerator" parent="quICRequestParameterMapEntryPFEGenerator"/>
	<bean id="aggregationSchemesMapEntryPFEGenerator" class="com.hsbc.gbm.grt.raven.crcore.pricing.entry.impl.AggregationSchemesMapEntryPFEGenerator" parent="quICRequestParameterMapEntryPFEGenerator"/>
	<bean id="quicDataFromConfigMapEntryPFEGenerator"	 class="com.hsbc.gbm.grt.raven.crcore.pricing.entry.impl.QuicDataFromConfigMapEntryGenerator" parent="quICRequestParameterMapEntryPFEGenerator">
	    <property name="mapEntry">
	         <util:map>
				<entry key="BreakdownBlocks" value="#{T(com.hsbc.gbm.grt.raven.crcore.pricing.constant.PricingConstant).QUIC_MPINPUT_EXPOSURE_BREAKDOWN_BLOCKS}"/>
				<entry key="RollupBlocks" value="#{T(com.hsbc.gbm.grt.raven.crcore.pricing.constant.PricingConstant).QUIC_MPINPUT_EXPOSURE_ROLLUP_BLOCKS}"/>
             </util:map>
	    </property>
	</bean>

</beans>
